week_now,task,task_id,project_id,github_dir,github_file
Week 1,task-00,104860,102045,databases-and-tables,0-list_databases.sql
Week 1,task-01,104861,102045,databases-and-tables,1-create_database_if_missing.sql
Week 1,task-02,104862,102045,databases-and-tables,2-remove_database.sql
Week 1,task-03,104866,102045,databases-and-tables,3-list_tables.sql
Week 1,task-04,104867,102045,databases-and-tables,4-first_table.sql
Week 1,task-05,104868,102045,databases-and-tables,5-full_table.sql
Week 2,task-00,104873,102045,table-design,0-full_creation.sql
Week 2,task-01,104891,102047,table-design,1-move_to_utf8.sql
Week 2,task-02,104876,102046,table-design,2-force_name.sql
Week 2,task-03,104877,102046,table-design,3-never_empty.sql
Week 2,task-04,104878,102046,table-design,4-unique_id.sql
Week 2,task-05,104879,102046,table-design,5-states.sql
Week 2,task-06,104880,102046,table-design,6-cities.sql
Week 2,task-07,104869,102045,changing-data,7-list_values.sql
Week 2,task-08,104870,102045,changing-data,8-insert_value.sql
Week 2,task-09,104884,102047,changing-data,9-no_cheating.sql
Week 2,task-10,104886,102047,changing-data,10-change_class.sql
Week 3,task-00,104881,102047,querying-and-aggregating,0-top_score.sql
Week 3,task-01,104883,102047,querying-and-aggregating,1-best_score.sql
Week 3,task-02,104890,102047,querying-and-aggregating,2-no_link.sql
Week 3,task-03,104871,102045,querying-and-aggregating,3-count_89.sql
Week 3,task-04,104887,102047,querying-and-aggregating,4-average.sql
Week 3,task-05,104889,102047,querying-and-aggregating,5-groups.sql
Week 3,task-06,104892,102047,temperature-data,6-avg_temperatures.sql
Week 3,task-07,104893,102047,temperature-data,7-top_city.sql
Week 3,task-08,104894,102047,temperature-data,8-max_state.sql
Week 3,task-09,104885,102046,joins-and-subqueries,9-cities_by_state_join.sql
Week 3,task-10,104882,102046,joins-and-subqueries,10-cities_of_california_subquery.sql
Week 3,task-11,107469,102045,"(manual task, no file)",
Week 3,task-12,107470,102047,"(manual task, no file)",
Week 4,task-00,104863,102046,users-and-privileges,0-privileges.sql
Week 4,task-01,104864,102046,users-and-privileges,1-create_user.sql
Week 4,task-02,104865,102046,users-and-privileges,2-create_read_user.sql
Week 4,task-03,104895,102048,tv-shows-queries,3-genre_id_by_show.sql
Week 4,task-04,104896,102048,tv-shows-queries,4-genre_id_all_shows.sql
Week 4,task-05,104897,102048,tv-shows-queries,5-no_genre.sql
Week 4,task-06,104898,102048,tv-shows-queries,6-count_shows_by_genre.sql
Week 4,task-07,104899,102048,tv-shows-queries,7-my_genres.sql
Week 4,task-08,104900,102048,tv-shows-queries,8-comedy_only.sql
Week 4,task-09,104901,102048,tv-shows-queries,9-shows_by_genre.sql
Week 4,task-10,104902,102048,tv-shows-queries,10-not_my_genres.sql
Week 4,task-11,104903,102048,tv-shows-queries,11-not_a_comedy.sql
Week 4,task-12,104904,102048,tv-shows-queries,12-rating_shows.sql
Week 4,task-13,104905,102048,tv-shows-queries,13-rating_genres.sql
Week 4,task-14,107471,102046,"(manual task, no file)",
Week 4,task-15,107472,102048,"(manual task, no file)",
